Grupės pav.,Amžiaus grupė,Grupių sk.,Vietų sk.,Laisvos vietos,Mokslo metai
Kauno lopšelis-darželis „Obelėlė“,,,,,
Mažyliai,lopšelio,-,15,0,2015-2016
Baravykai,darželio,-,20,0,2015-2016
Ąžuoliukai,darželio,-,20,0,2015-2016
Obuoliukai,priešmokyklinė,-,20,0,2015-2016
Iš viso: Kauno lopšelis-darželis „Obelėlė“,4,75,0,-,
Kauno lopšelis-darželis „Spindulėlis“,,,,,
Zuikučių,priešmokyklinė,-,23,0,2015-2016
Kačiukų,darželio,-,7,0,2015-2016
Boružėlių,priešmokyklinė,-,23,0,2015-2016
Viščiukų,darželio,-,7,0,2015-2016
Ančiukų,darželio,-,7,0,2015-2016
Nykštukų,darželio,-,23,0,2015-2016
Saulutės,darželio,-,23,0,2015-2016
Voveraičių,darželio,-,23,0,2015-2016
Meškučių,darželio,-,23,0,2015-2016
Drugelių,lopšelio,-,17,0,2015-2016
Iš viso: Kauno lopšelis-darželis „Spindulėlis“,10,176,0,-,
Kauno lopšelis-darželis „Žvangutis“,,,,,
"„Meškučių"" grupė",darželio,-,24,0,2015-2016
"„Kiškučių"" grupė",darželio,-,24,0,2015-2016
"„Boružėlių"" grupė",darželio,-,24,0,2015-2016
"„Drugelių"" grupė",priešmokyklinė,-,25,0,2015-2016
"„Gandriukai""",lopšelio,-,17,0,2015-2016
"„Ežiukai""",lopšelio,-,17,0,2015-2016
"„Pelėdžiukai""",darželio,-,23,0,2015-2016
"„Bitutės""",darželio,-,24,0,2015-2016
"„Varlytės""",darželio,-,24,0,2015-2016
"„Žiogeliai""",darželio,-,24,0,2015-2016
Šarkiukų grupė,priešmokyklinė,-,25,0,2015-2016
"„Katinukai""",darželio,-,24,0,2015-2016
Iš viso: Kauno lopšelis-darželis „Žvangutis“,12,275,0,-,
Kauno lopšelis-darželis „Žilvitis“,,,,,
Bitutės,darželio,-,20,0,2015-2016
Pelėdžiukai,darželio,-,21,0,2015-2016
Geniukai,darželio,-,20,0,2015-2016
Voveriukai,darželio,-,20,0,2015-2016
Ežiukai,darželio,-,21,0,2015-2016
Katinėliai,darželio,-,20,0,2015-2016
Paukšteliai,lopšelio,-,16,0,2015-2016
Žiogeliai,lopšelio,-,16,0,2015-2016
Kiškučiai,priešmokyklinė,-,20,0,2015-2016
Gandriukai,priešmokyklinė,-,20,0,2015-2016
Iš viso: Kauno lopšelis-darželis „Žilvitis“,10,194,0,-,
Kauno Jono ir Petro Vileišių mokykla,,,,,
Smalsučiai,priešmokyklinė,-,20,0,2015-2016
Saulutė,darželio,-,24,0,2015-2016
Žiniukai,priešmokyklinė,-,20,0,2015-2016
Boružėlė,darželio,-,24,0,2015-2016
Gudručiai,priešmokyklinė,-,20,0,2015-2016
Bitutė,darželio,-,24,0,2015-2016
Skruzdėlytė,darželio,-,24,0,2015-2016
Iš viso: Kauno Jono ir Petro Vileišių mokykla,7,156,0,-,
Kauno lopšelis-darželis „Mažylis“,,,,,
Viščiukai,lopšelio,-,15,0,2015-2016
Liūtukai,darželio,-,20,0,2015-2016
Meškiukai,darželio,-,20,0,2015-2016
Pelėdžiukai,priešmokyklinė,-,18,0,2015-2016
Nykštukai,priešmokyklinė,-,18,0,2015-2016
Drugeliai,darželio,-,20,0,2015-2016
Bitutės,darželio,-,20,0,2015-2016
Ežiukai,darželio,-,20,0,2015-2016
Kiškiukai,darželio,-,20,0,2015-2016
Saulutės,lopšelio,-,15,0,2015-2016
Boružėlės,lopšelio,-,10,0,2015-2016
Iš viso: Kauno lopšelis-darželis „Mažylis“,11,196,0,-,
Kauno lopšelis-darželis „Kodėlčiukas“,,,,,
Kiškučiai,priešmokyklinė,-,20,0,2015-2016
Drugelių,darželio,-,20,0,2015-2016
Varpelio,lopšelio,-,15,0,2015-2016
Peliukai,darželio,-,20,0,2015-2016
Iš viso: Kauno lopšelis-darželis „Kodėlčiukas“,4,75,0,-,
Kauno lopšelis-darželis „Čiauškutis“,,,,,
Cypliukai,lopšelio,-,15,0,2015-2016
Vytureliai,lopšelio,-,15,0,2015-2016
Žvirbliukai,lopšelio,-,15,0,2015-2016
Smalsučiai,darželio,-,20,0,2015-2016
Drugeliai,darželio,-,20,0,2015-2016
Kodėlčiukai,darželio,-,20,0,2015-2016
Zuikučiai,priešmokyklinė,-,20,0,2015-2016
Pabiručiai,darželio,-,20,0,2015-2016
Čiauškučiai,darželio,-,20,0,2015-2016
Pelėdžiukai,darželio,-,20,0,2015-2016
Žiniukai,priešmokyklinė,-,20,0,2015-2016
Iš viso: Kauno lopšelis-darželis „Čiauškutis“,11,205,0,-,
Kauno Žaliakalnio lopšelis-darželis (Vaistinės skg. 8),,,,,
 Katinukų,darželio,-,18,0,2015-2016
 Žiogelių,priešmokyklinė,-,20,0,2015-2016
Iš viso: Kauno Žaliakalnio lopšelis-darželis (Vaistinės skg. 8),2,38,0,-,
Kauno mokykla-darželis „Rūtelė“,,,,,
Nykštukų,darželio,-,29,0,2015-2016
Priešmokyklinė,priešmokyklinė,-,31,0,2015-2016
Pelėdžiukų,darželio,-,25,0,2015-2016
Iš viso: Kauno mokykla-darželis „Rūtelė“,3,85,0,-,
Kauno lopšelis-darželis „Malūnėlis“,,,,,
Kiškučiai,darželio,-,17,0,2015-2016
Nykštukai,lopšelio,-,15,0,2015-2016
Lapiukai,lopšelio,-,15,0,2015-2016
Drugeliai,darželio,-,19,0,2015-2016
Bitutės,darželio,-,19,0,2015-2016
Pelėdžiukai,darželio,-,19,0,2015-2016
Meškiukai,darželio,-,19,0,2015-2016
Voveriukai,darželio,-,19,0,2015-2016
Boružėlės,darželio,-,19,0,2015-2016
Ežiukai,priešmokyklinė,-,20,0,2015-2016
Saulutės,priešmokyklinė,-,20,0,2015-2016
Iš viso: Kauno lopšelis-darželis „Malūnėlis“,11,201,0,-,
Kauno sanatorinis lopšelis-darželis „Pienė“,,,,,
Kiškučių,lopšelio,-,15,0,2015-2016
Ežiukai,darželio,-,20,0,2015-2016
Gandriukai,darželio,-,20,0,2015-2016
Voveriukai,darželio,-,20,0,2015-2016
Stirniukai,priešmokyklinė,-,20,0,2015-2016
Iš viso: Kauno sanatorinis lopšelis-darželis „Pienė“,5,95,0,-,
Kauno Bernardo Brazdžionio mokykla,,,,,
Smalsučių studija,darželio,-,20,0,2015-2016
Rudnosiuko studija,priešmokyklinė,-,20,0,2015-2016
Gudručių studija,darželio,-,20,0,2015-2016
Čiauškučių studija,lopšelio,-,15,0,2015-2016
Šnekučių studija,lopšelio,-,16,0,2015-2016
Linksmučių studija,darželio,-,20,0,2015-2016
Iš viso: Kauno Bernardo Brazdžionio mokykla,6,111,0,-,
Kauno lopšelis-darželis „Vaivorykštė“,,,,,
Vaivorykštė,priešmokyklinė,-,19,0,2015-2016
Mėnesėlis,priešmokyklinė,-,20,0,2015-2016
Spindulys,priešmokyklinė,-,21,0,2015-2016
Lašas,darželio,-,21,0,2015-2016
Žvaigždelė,darželio,-,21,0,2015-2016
Aušrinė,darželio,-,19,0,2015-2016
Debesėlis,darželio,-,20,0,2015-2016
Saulutė,darželio,-,19,0,2015-2016
Lietutis,darželio,-,23,0,2015-2016
Vėjūnė,darželio,-,20,0,2015-2016
Iš viso: Kauno lopšelis-darželis „Vaivorykštė“,10,203,0,-,
Kauno lopšelis-darželis „Klumpelė“,,,,,
Žilvitis,darželio,-,26,0,2015-2016
Giliukas,lopšelio,-,19,0,2015-2016
Saulutė,priešmokyklinė,-,25,0,2015-2016
Linelis,darželio,-,25,0,2015-2016
Pagrandukas,darželio,-,25,0,2015-2016
Varpelis,darželio,-,22,0,2015-2016
Iš viso: Kauno lopšelis-darželis „Klumpelė“,6,142,0,-,
Kauno lopšelis-darželis „Gintarėlis“,,,,,
Pelyciu,lopšelio,-,15,0,2015-2016
Mazyliu,lopšelio,-,15,0,2015-2016
Bituciu,darželio,-,20,0,2015-2016
Nykstuku,priešmokyklinė,-,20,0,2015-2016
Boruzeliu,priešmokyklinė,-,20,0,2015-2016
Kiskuciu,priešmokyklinė,-,20,0,2015-2016
Meskuciu,darželio,-,20,0,2015-2016
Skruzdelyciu,darželio,-,20,0,2015-2016
Peledziuku,darželio,-,20,0,2015-2016
Visciuku,darželio,-,20,0,2015-2016
Zvirbliuku,darželio,-,23,0,2015-2016
Drugeliu,darželio,-,20,0,2015-2016
Iš viso: Kauno lopšelis-darželis „Gintarėlis“,12,233,0,-,
Kauno sanatorinis lopšelis-darželis „Pušynėlis“,,,,,
Boružėlės,lopšelio,-,15,0,2015-2016
Drugeliai,lopšelio,-,15,0,2015-2016
Ežiukai,darželio,-,20,0,2015-2016
Girinukai,darželio,-,20,0,2015-2016
Voveriukai,darželio,-,20,0,2015-2016
Skruzdėliukai,darželio,-,20,0,2015-2016
Ąžuoliukai,priešmokyklinė,-,20,0,2015-2016
Žiogeliai,darželio,-,20,0,2015-2016
Bitutės,priešmokyklinė,-,20,0,2015-2016
Saulutės,darželio,-,20,0,2015-2016
Iš viso: Kauno sanatorinis lopšelis-darželis „Pušynėlis“,10,190,0,-,
Kauno vaikų darželis „Raudonkepuraitė“,,,,,
"„KIŠKUČIŲ""",darželio,-,18,0,2015-2016
"„NYKŠTUKŲ""",darželio,-,18,0,2015-2016
"„SAULYČIŲ""",darželio,-,18,0,2015-2016
"„MEŠKUČIŲ""",darželio,-,18,0,2015-2016
Iš viso: Kauno vaikų darželis „Raudonkepuraitė“,4,72,0,-,
Kauno Aleksoto lopšelis-darželis,,,,,
Boružiukai,lopšelio,-,15,0,2015-2016
Žiogeliai,lopšelio,-,15,0,2015-2016
M.Montessori,darželio,-,21,0,2015-2016
Smalsučiai,priešmokyklinė,-,21,0,2015-2016
Vikruoliai,darželio,-,21,0,2015-2016
Kodėlčiukai,darželio,-,20,0,2015-2016
Ramtatuliai,darželio,-,21,0,2015-2016
Dainorėliai,darželio,-,21,0,2015-2016
Gudručiai,priešmokyklinė,-,21,0,2015-2016
Spalviukai,darželio,-,21,0,2015-2016
Pasakaitė,darželio,-,21,0,2015-2016
Žiniukai,darželio,-,20,0,2015-2016
Iš viso: Kauno Aleksoto lopšelis-darželis,12,238,0,-,
Kauno lopšelis-darželis „Šilinukas“,,,,,
Pumpurėliai,lopšelio,-,15,0,2015-2016
Saulutės,darželio,-,20,0,2015-2016
Boružėlės,darželio,-,20,0,2015-2016
Vyturėlis,priešmokyklinė,-,20,0,2015-2016
Riešutėliai,priešmokyklinė,-,20,0,2015-2016
Saulės zuikučiai,darželio,-,20,0,2015-2016
Iš viso: Kauno lopšelis-darželis „Šilinukas“,6,115,0,-,
Kauno lopšelis-darželis „Naminukas“,,,,,
",,Viščiukai""",lopšelio,-,16,0,2015-2016
",,Kačiukai""",lopšelio,-,16,0,2015-2016
",,Ežiukai""",darželio,-,21,0,2015-2016
",,Boružiukai""",darželio,-,21,0,2015-2016
",,Varliukai""",priešmokyklinė,-,20,0,2015-2016
",,Pelėdžiukai""",darželio,-,19,0,2015-2016
",,Skudurinė Onutė""",priešmokyklinė,-,19,0,2015-2016
",,Beždžioniukai""",darželio,-,20,0,2015-2016
",,Meškiukai""",darželio,-,19,0,2015-2016
",,Bitučių""",darželio,-,20,0,2015-2016
Iš viso: Kauno lopšelis-darželis „Naminukas“,10,191,0,-,
Kauno lopšelis-darželis „Dobilėlis“,,,,,
",,Boružėlių""",lopšelio,-,15,0,2015-2016
",,Žirniukų""",darželio,-,20,0,2015-2016
",,Paukštelių""",darželio,-,20,0,2015-2016
",,Saulutės""",darželio,-,20,0,2015-2016
",,Smalsučių""",darželio,-,20,0,2015-2016
",,Čiauškučių""",priešmokyklinė,-,20,0,2015-2016
Iš viso: Kauno lopšelis-darželis „Dobilėlis“,6,115,0,-,
Kauno „Varpelio“ pradinė mokykla,,,,,
Priešmokyklinė grupė,priešmokyklinė,-,20,0,2015-2016
Iš viso: Kauno „Varpelio“ pradinė mokykla,1,20,0,-,
Kauno lopšelis-darželis „Daigelis“,,,,,
Meškiukų,lopšelio,-,18,0,2015-2016
Žvirbliukų,lopšelio,-,18,0,2015-2016
Kiškučių,darželio,-,22,0,2015-2016
Pelėdžiukų,darželio,-,24,0,2015-2016
Ežiukų,darželio,-,24,0,2015-2016
Bitučių,priešmokyklinė,-,24,0,2015-2016
Iš viso: Kauno lopšelis-darželis „Daigelis“,6,130,0,-,
Kauno lopšelis-darželis „Klausutis“,,,,,
BITUTĖS,darželio,-,20,0,2015-2016
BORUŽĖLĖS,darželio,-,20,0,2015-2016
DRUGELIAI,lopšelio,-,15,0,2015-2016
SAULUTĖS,lopšelio,-,15,0,2015-2016
ŽIRNIUKAI,darželio,-,20,0,2015-2016
ZUIKUČIAI,priešmokyklinė,-,20,0,2015-2016
Iš viso: Kauno lopšelis-darželis „Klausutis“,6,110,0,-,
Kauno lopšelis-darželis „Žingsnelis“,,,,,
Boružiukų,lopšelio,-,16,0,2015-2016
Ežiukų,lopšelio,-,16,0,2015-2016
Pelėdžiukų,lopšelio,-,17,0,2015-2016
Voveriukų,darželio,-,23,0,2015-2016
Lapiukų,darželio,-,23,0,2015-2016
Drugelių,darželio,-,24,0,2015-2016
Zuikučių,darželio,-,21,0,2015-2016
Gandriukų,darželio,-,25,0,2015-2016
Bitučių,darželio,-,25,0,2015-2016
Giliukų,priešmokyklinė,-,25,0,2015-2016
Meškučių,priešmokyklinė,-,23,0,2015-2016
Iš viso: Kauno lopšelis-darželis „Žingsnelis“,11,238,0,-,
Kauno lopšelis-darželis „Saulutė“,,,,,
Spindulėliai,priešmokyklinė,-,20,0,2015-2016
Gintarėliai,priešmokyklinė,-,20,0,2015-2016
Boružėlės,priešmokyklinė,-,20,0,2015-2016
Skruzdėliukai,lopšelio,-,15,0,2015-2016
Drugeliai,darželio,-,20,0,2015-2016
Nykštukai,darželio,-,20,0,2015-2016
Meškučiai,darželio,-,20,0,2015-2016
Bitutės,lopšelio,-,15,0,2015-2016
Žirniukai,darželio,-,20,0,2015-2016
Kiškučiai,lopšelio,-,15,0,2015-2016
Iš viso: Kauno lopšelis-darželis „Saulutė“,10,185,0,-,
"Kauno lopšelis-darželis ""Ežiukas""",,,,,
Riešutėlių,lopšelio,-,14,0,2015-2016
Šermukšnėlių,priešmokyklinė,-,20,0,2015-2016
Klevelių,darželio,-,20,0,2015-2016
Berželių,darželio,-,20,0,2015-2016
Kaštonėlių,darželio,-,20,0,2015-2016
Ąžuoliukų,darželio,-,20,0,2015-2016
"Iš viso: Kauno lopšelis-darželis ""Ežiukas""",6,114,0,-,
"Kauno lopšelis-darželis ""Aviliukas""",,,,,
SAULUTĖ,darželio,-,15,0,2015-2016
BITUČIŲ,darželio,-,15,0,2015-2016
"Iš viso: Kauno lopšelis-darželis ""Aviliukas""",2,30,0,-,
Kauno lopšelis-darželis „Volungėlė“,,,,,
Viščiukai,lopšelio,-,19,0,2015-2016
Vyturiukai,lopšelio,-,20,0,2015-2016
Kregždutės,lopšelio,-,15,0,2015-2016
Žvirbliukai,priešmokyklinė,-,24,0,2015-2016
Gandriukai,darželio,-,24,0,2015-2016
Geniukai,darželio,-,24,0,2015-2016
Papūgiukai,priešmokyklinė,-,24,0,2015-2016
Ančiukai,darželio,-,26,0,2015-2016
Pelėdžiukai,darželio,-,26,0,2015-2016
Gulbiukai,darželio,-,23,0,2015-2016
Zyliukai,darželio,-,26,0,2015-2016
Pingviniukai,darželio,-,22,0,2015-2016
Iš viso: Kauno lopšelis-darželis „Volungėlė“,12,273,0,-,
Kauno lopšelis-darželis „Boružėlė“,,,,,
Žiogelių,lopšelio,-,13,0,2015-2016
Saulučių,lopšelio,-,15,0,2015-2016
Zuikučių,darželio,-,20,0,2015-2016
Žirniukų,darželio,-,23,0,2015-2016
Boružėlių,darželio,-,17,0,2015-2016
Bitučių,darželio,-,22,0,2015-2016
Ežiukų,priešmokyklinė,-,20,0,2015-2016
Iš viso: Kauno lopšelis-darželis „Boružėlė“,7,130,0,-,
Kauno lopšelis-darželis „Žara“,,,,,
Kodėlčiukai,darželio,-,19,0,2015-2016
Drugeliai,darželio,-,19,0,2015-2016
Pabiručiai,darželio,-,19,0,2015-2016
Paukšteliai,darželio,-,19,0,2015-2016
Kiškučiai,darželio,-,19,0,2015-2016
Smalsučiai,priešmokyklinė,-,19,0,2015-2016
Ežiukai,priešmokyklinė,-,25,0,2015-2016
Ančiukai,lopšelio,-,16,0,2015-2016
Nykštukai,lopšelio,-,15,0,2015-2016
Pumpurėliai,lopšelio,-,15,0,2015-2016
Iš viso: Kauno lopšelis-darželis „Žara“,10,185,0,-,
Kauno lopšelis-darželis „Aušrinė“,,,,,
Kūdikiai,lopšelio,-,6,0,2015-2016
Žiogeliai,lopšelio,-,16,0,2015-2016
Saulės zuikučiai,lopšelio,-,15,0,2015-2016
Kūlverstukai,darželio,-,23,0,2015-2016
Kibildukai,darželio,-,23,0,2015-2016
Meškučiai,priešmokyklinė,-,23,0,2015-2016
Žiedeliai,darželio,-,23,0,2015-2016
Vaivorykštė,darželio,-,24,0,2015-2016
Pumpurėliai,darželio,-,24,0,2015-2016
Smalsučiai,darželio,-,24,0,2015-2016
Bitutė,priešmokyklinė,-,24,0,2015-2016
Voveriukai,priešmokyklinė,-,24,0,2015-2016
Saulutė,darželio,-,23,0,2015-2016
Iš viso: Kauno lopšelis-darželis „Aušrinė“,13,272,0,-,
Kauno lopšelis-darželis „Girinukas“,,,,,
Pumpurėlių,lopšelio,-,15,0,2015-2016
Montesori,darželio,-,20,0,2015-2016
Žiogelių,darželio,-,10,0,2015-2016
Boružėlių,darželio,-,20,0,2015-2016
Meškiukų,darželio,-,20,0,2015-2016
Gandriukų,darželio,-,20,0,2015-2016
Kankorėžiukų,darželio,-,20,0,2015-2016
Skruzdėliukų,darželio,-,20,0,2015-2016
Spindulėlių,priešmokyklinė,-,20,0,2015-2016
Giliukų,darželio,-,20,0,2015-2016
Voveriukų,priešmokyklinė,-,20,0,2015-2016
Pelėdžiukų,darželio,-,20,0,2015-2016
Iš viso: Kauno lopšelis-darželis „Girinukas“,12,225,0,-,
Kauno lopšelis-darželis „Gandriukas“,,,,,
ANČIUKŲ GRUPĖ,lopšelio,-,15,0,2015-2016
GENELIŲ GRUPĖ,priešmokyklinė,-,19,0,2015-2016
LAKŠTUČIŲ GRUPĖ,darželio,-,19,0,2015-2016
PELĖDŽIUKŲ GRUPĖ,darželio,-,19,0,2015-2016
GULBIUKŲ GRUPĖ,darželio,-,19,0,2015-2016
VOLUNGĖLIŲ GRUPĖ,darželio,-,19,0,2015-2016
STRAZDELIŲ GRUPĖ,darželio,-,19,0,2015-2016
NYKŠTUKŲ GRUPĖ,darželio,-,19,0,2015-2016
ZYLUČIŲ GRUPĖ,darželio,-,19,0,2015-2016
VYTURĖLIŲ GRUPĖ,priešmokyklinė,-,19,0,2015-2016
KREGŽDUČIŲ GRUPĖ,darželio,-,19,0,2015-2016
Iš viso: Kauno lopšelis-darželis „Gandriukas“,11,205,0,-,
Kauno Motiejaus Valančiaus mokykla - darželis,,,,,
Katinėliai,lopšelio,-,15,0,2015-2016
Tigriukai,darželio,-,20,0,2015-2016
Iš viso: Kauno Motiejaus Valančiaus mokykla - darželis,2,35,0,-,
Kauno lopšelis-darželis „Židinėlis“,,,,,
Rudnosiukai,lopšelio,-,16,0,2015-2016
Kodėlčiukai,lopšelio,-,16,0,2015-2016
Žvirbliukai,lopšelio,-,16,0,2015-2016
Žiogeliai,darželio,-,21,0,2015-2016
Žirniukai,darželio,-,21,0,2015-2016
Nykštukai,darželio,-,21,0,2015-2016
Pelėdžiukai,darželio,-,21,0,2015-2016
Voveriukai,darželio,-,21,0,2015-2016
Smalsučiai,darželio,-,21,0,2015-2016
Zuikučiai,darželio,-,20,0,2015-2016
Pumpurėliai,darželio,-,21,0,2015-2016
Žiniukų mokyklėlė,priešmokyklinė,-,20,0,2015-2016
Iš viso: Kauno lopšelis-darželis „Židinėlis“,12,235,0,-,
Kauno lopšelis-darželis „Bitutė“,,,,,
Žiogelių gr.,lopšelio,-,15,0,2015-2016
Nykštukų gr.,lopšelio,-,15,0,2015-2016
Drugelių gr.,darželio,-,20,0,2015-2016
Boružėlių gr.,darželio,-,20,0,2015-2016
Saulučių gr.,darželio,-,20,0,2015-2016
Dobiliukų gr.,priešmokyklinė,-,20,0,2015-2016
Iš viso: Kauno lopšelis-darželis „Bitutė“,6,110,0,-,
Kauno Simono Daukanto progimnazija,,,,,
Kauno Simono Daukanto progimnazijos priešmokyklinė grupė,priešmokyklinė,-,18,0,2015-2016
Iš viso: Kauno Simono Daukanto progimnazija,1,18,0,-,
Kauno lopšelis-darželis „Vyturėlis“,,,,,
"5 ""Voveriukų"" grupė",lopšelio,-,15,0,2015-2016
"4 ""Viščiukų"" grupė",darželio,-,20,0,2015-2016
"3 ""Kiškučių"" grupė",darželio,-,20,0,2015-2016
"8 ""Stirniukų"" grupė",darželio,-,20,0,2015-2016
"7 ""Kačiukų"" grupė",darželio,-,20,0,2015-2016
"6 ""Meškučių"" grupė",darželio,-,20,0,2015-2016
"2 ""Žvirbliukų"" grupė",priešmokyklinė,-,20,0,2015-2016
"1 ""Ančiukų"" grupė",priešmokyklinė,-,20,0,2015-2016
Iš viso: Kauno lopšelis-darželis „Vyturėlis“,8,155,0,-,
Kauno lopšelis-darželis „Pasaka“,,,,,
Nykštukas,lopšelio,-,15,0,2015-2016
Pagrandukas,lopšelio,-,17,0,2015-2016
Pelenė,darželio,-,20,0,2015-2016
Undinėlė,darželio,-,20,0,2015-2016
Coliukė,darželio,-,20,0,2015-2016
Raudonkepuraitė,darželio,-,20,0,2015-2016
Sigutė,priešmokyklinė,-,20,0,2015-2016
Batuotas katinas,darželio,-,20,0,2015-2016
Saulutė,darželio,-,20,0,2015-2016
Drugelis,darželio,-,20,0,2015-2016
Snieguolė,priešmokyklinė,-,20,0,2015-2016
Kūlverstukas,darželio,-,20,0,2015-2016
Iš viso: Kauno lopšelis-darželis „Pasaka“,12,232,0,-,
Kauno lopšelis-darželis „Vaidilutė“,,,,,
Girinukas,lopšelio,-,15,0,2015-2016
Boružėlė,lopšelio,-,15,0,2015-2016
Saulutė,darželio,-,20,0,2015-2016
Žemyna,priešmokyklinė,-,20,0,2015-2016
Jievaras,priešmokyklinė,-,20,0,2015-2016
Kupolė,darželio,-,23,0,2015-2016
Aitvariukas,darželio,-,23,0,2015-2016
Linelis,darželio,-,20,0,2015-2016
Bitutė,darželio,-,20,0,2015-2016
Pelėdžiukas,priešmokyklinė,-,20,0,2015-2016
Naminukas,darželio,-,20,0,2015-2016
Iš viso: Kauno lopšelis-darželis „Vaidilutė“,11,216,0,-,
Kauno lopšelis-darželis „Želmenėlis“,,,,,
SAULUTĖ,lopšelio,-,15,0,2015-2016
GILIUKAS,lopšelio,-,15,0,2015-2016
ŽIRNIUKAS,lopšelio,-,15,0,2015-2016
DOBILĖLIS,darželio,-,20,0,2015-2016
PAKALNUTĖ,darželio,-,20,0,2015-2016
VARPELIS,darželio,-,19,0,2015-2016
RAMUNĖLĖ,darželio,-,19,0,2015-2016
LINELIS,darželio,-,23,0,2015-2016
RŪTELĖ,lopšelio,-,19,0,2015-2016
AGUONĖLĖ,darželio,-,19,0,2015-2016
RUGELIS,priešmokyklinė,-,20,0,2015-2016
PAPARTĖLIS,priešmokyklinė,-,19,0,2015-2016
Iš viso: Kauno lopšelis-darželis „Želmenėlis“,12,223,0,-,
Kauno lopšelis-darželis „Linelis“,,,,,
Pelėdžiukai,priešmokyklinė,-,18,0,2015-2016
Bitutės,priešmokyklinė,-,18,0,2015-2016
"M.Montessori ,,Boružėlių""",darželio,-,20,0,2015-2016
"M.Montessori ,,Smalsučių""",darželio,-,20,0,2015-2016
Drugelis,darželio,-,18,0,2015-2016
Saulutė,darželio,-,18,0,2015-2016
Linas,darželio,-,18,0,2015-2016
Gandriukai,darželio,-,18,0,2015-2016
Ančiukai,lopšelio,-,15,0,2015-2016
Giliukai,lopšelio,-,15,0,2015-2016
Kiškučiai,lopšelio,-,15,0,2015-2016
Iš viso: Kauno lopšelis-darželis „Linelis“,11,193,0,-,
Kauno lopšelis-darželis „Žemyna“,,,,,
Javinė,lopšelio,-,16,0,2015-2016
Saulė,priešmokyklinė,-,20,0,2015-2016
Mėletėlė,darželio,-,20,0,2015-2016
Gabija,darželio,-,23,0,2015-2016
Medeina,darželio,-,23,0,2015-2016
Aušrinė,darželio,-,20,0,2015-2016
Austėja,darželio,-,23,0,2015-2016
Guboja,darželio,-,23,0,2015-2016
Upyna,darželio,-,20,0,2015-2016
Vakarė,darželio,-,20,0,2015-2016
Iš viso: Kauno lopšelis-darželis „Žemyna“,10,208,0,-,
Kauno lopšelis-darželis „Atžalėlė“,,,,,
",,Liepaitė""",darželio,-,20,0,2015-2016
",,Berželis""",darželio,-,20,0,2015-2016
",,Eglaitė""",priešmokyklinė,-,20,0,2015-2016
",,Klevelis""",darželio,-,20,0,2015-2016
",,Ąžuoliukas""",lopšelio,-,15,0,2015-2016
",,Pušaitė""",darželio,-,20,0,2015-2016
Iš viso: Kauno lopšelis-darželis „Atžalėlė“,6,115,0,-,
Kauno lopšelis-darželis „Svirnelis“,,,,,
",,Bitučių""",priešmokyklinė,-,20,0,2015-2016
",,Kiškučių""",priešmokyklinė,-,22,0,2015-2016
",,Žvirbliukų""",darželio,-,22,0,2015-2016
",,Smalsučių""",darželio,-,20,0,2015-2016
",,Svirpliukų""",darželio,-,20,0,2015-2016
",,Peliukų""",darželio,-,22,0,2015-2016
",,Obuoliukų""",darželio,-,20,0,2015-2016
",,Meškučių""",darželio,-,22,0,2015-2016
",,Nykštukų""",lopšelio,-,16,0,2015-2016
",,Varliukų""",lopšelio,-,15,0,2015-2016
Iš viso: Kauno lopšelis-darželis „Svirnelis“,10,199,0,-,
Kauno Tirkiliškių lopšelis-darželis,,,,,
",,Dobiliukai""",lopšelio,-,16,0,2015-2016
",,Želmenėliai""",darželio,-,24,0,2015-2016
",,Ąžuoliukai""",darželio,-,25,0,2015-2016
",,Lineliai""",darželio,-,25,0,2015-2016
",,Obelėlės""",priešmokyklinė,-,25,0,2015-2016
",,Rūtelės""",priešmokyklinė,-,25,0,2015-2016
Iš viso: Kauno Tirkiliškių lopšelis-darželis,6,140,0,-,
Kauno lopšelis-darželis „Drevinukas“,,,,,
Giliukai,priešmokyklinė,-,20,0,2015-2016
Geniukai,priešmokyklinė,-,20,0,2015-2016
Nykštukai,lopšelio,-,15,0,2015-2016
Kiškučiai,lopšelio,-,15,0,2015-2016
Ežiukai,darželio,-,20,0,2015-2016
Žiogeliai,darželio,-,20,0,2015-2016
Boružėlės,darželio,-,20,0,2015-2016
Riešutėliai,darželio,-,20,0,2015-2016
Skruzdėlytės,darželio,-,20,0,2015-2016
Pelėdžiukai,darželio,-,20,0,2015-2016
Iš viso: Kauno lopšelis-darželis „Drevinukas“,10,190,0,-,
Kauno lopšelis-darželis „Spindulys“,,,,,
„EŽIUKAI“,lopšelio,-,15,0,2015-2016
„BORUŽĖLĖS“,lopšelio,-,15,0,2015-2016
„MIŠKO PAUKŠTELIAI“,darželio,-,20,0,2015-2016
„GANDRIUKAI“,darželio,-,20,0,2015-2016
„VOVERIUKAI“,darželio,-,20,0,2015-2016
„PELĖDŽIUKAI“,darželio,-,20,0,2015-2016
„KATINĖLIAI“,darželio,-,20,0,2015-2016
„DRUGELIAI“,darželio,-,20,0,2015-2016
„BITUTĖS“,priešmokyklinė,-,20,0,2015-2016
„ZUIKIAI PUIKIAI“,priešmokyklinė,-,20,0,2015-2016
Iš viso: Kauno lopšelis-darželis „Spindulys“,10,190,0,-,
Kauno lopšelis-darželis „Giliukas“,,,,,
"1 gr. ""Nykštukų""",lopšelio,-,17,0,2015-2016
"2 gr. ""Girinukų""",darželio,-,21,0,2015-2016
"3 gr. ""Drugelių""",darželio,-,10,0,2015-2016
"4 gr. ""Aitvariukų""",darželio,-,11,0,2015-2016
"5 gr. ""Pelėdžiukų""",priešmokyklinė,-,21,0,2015-2016
"6 gr. ""Boružiukų""",darželio,-,21,0,2015-2016
"7 gr. ""Bitučių""",darželio,-,23,0,2015-2016
"8 gr. ""Smalsučių""",priešmokyklinė,-,22,0,2015-2016
"9 gr. ""Saulučių""",darželio,-,21,0,2015-2016
"10 gr. ""Zuikučių""",darželio,-,21,0,2015-2016
"11 gr. ""Ežiukų""",priešmokyklinė,-,21,0,2015-2016
"12 gr. ""Žiogelių""",darželio,-,10,0,2015-2016
Iš viso: Kauno lopšelis-darželis „Giliukas“,12,219,0,-,
Kauno Šančių lopšelis-darželis,,,,,
Nykštukai,lopšelio,-,19,0,2015-2016
Ežiukai,lopšelio,-,19,0,2015-2016
Drambliukai,darželio,-,23,0,2015-2016
Pelėdžiukai,darželio,-,23,0,2015-2016
Meškiukai,darželio,-,20,0,2015-2016
Voveriukai,darželio,-,24,0,2015-2016
Liūtukai,darželio,-,25,0,2015-2016
Vėžliukai,priešmokyklinė,-,25,0,2015-2016
Katinėliai,priešmokyklinė,-,25,0,2015-2016
Zuikučiai,priešmokyklinė,-,25,0,2015-2016
Ančiukai,darželio,-,22,0,2015-2016
Iš viso: Kauno Šančių lopšelis-darželis,11,250,0,-,
Kauno Palemono gimnazija,,,,,
Priešmokyklinė,priešmokyklinė,-,15,0,2015-2016
Iš viso: Kauno Palemono gimnazija,1,15,0,-,
Kauno lopšelis-darželis „Dvarelis“,,,,,
Smalsučiai,darželio,-,20,0,2015-2016
Žiniukai,priešmokyklinė,-,20,0,2015-2016
Iš viso: Kauno lopšelis-darželis „Dvarelis“,2,40,0,-,
Kauno lopšelis-darželis „Šilelis“,,,,,
Mažylių grupė,lopšelio,-,15,0,2015-2016
Boružėlių grupė,lopšelio,-,15,0,2015-2016
Zuikučių grupė,darželio,-,20,0,2015-2016
Geniukų grupė,darželio,-,20,0,2015-2016
Voveriukų grupė,darželio,-,20,0,2015-2016
Smalsučių grupė,darželio,-,20,0,2015-2016
Kodėlčiukų grupė,priešmokyklinė,-,20,0,2015-2016
Iš viso: Kauno lopšelis-darželis „Šilelis“,7,130,0,-,
Kauno lopšelis-darželis „Kūlverstukas“,,,,,
Trepsiukai,lopšelio,-,15,0,2015-2016
Mažyliai,lopšelio,-,15,0,2015-2016
Pypliukai,lopšelio,-,15,0,2015-2016
Drąsučiai,darželio,-,20,0,2015-2016
Linksmučiai,darželio,-,20,0,2015-2016
Čiauškučiai,darželio,-,20,0,2015-2016
Pabiručiai,darželio,-,20,0,2015-2016
Šnekučiai,darželio,-,20,0,2015-2016
Gudručiai,darželio,-,20,0,2015-2016
Kodėlčiukai,priešmokyklinė,-,20,0,2015-2016
Smalsučiai,priešmokyklinė,-,21,0,2015-2016
Iš viso: Kauno lopšelis-darželis „Kūlverstukas“,11,206,0,-,
Kauno lopšelis-darželis „Varpelis“,,,,,
PELĖDŽIUKŲ 02,lopšelio,-,15,0,2015-2016
GENIUKŲ 04,darželio,-,20,0,2015-2016
PASAKĖLĖS 05,darželio,-,20,0,2015-2016
KIŠKUČIŲ 06,lopšelio,-,15,0,2015-2016
VOVERAIČIŲ 01,priešmokyklinė,-,19,0,2015-2016
KREGŽDUČIŲ 07,darželio,-,22,0,2015-2016
SKRUZDĖLYČIŲ 09,priešmokyklinė,-,20,0,2015-2016
SAULUTĖS 03,darželio,-,19,0,2015-2016
LINELIŲ 08,darželio,-,19,0,2015-2016
BITUTĖS 10,darželio,-,19,0,2015-2016
MEŠKUČIŲ 11,darželio,-,19,0,2015-2016
Iš viso: Kauno lopšelis-darželis „Varpelis“,11,207,0,-,
Kauno menų darželis „Etiudas“,,,,,
Saulutė,darželio,-,20,0,2015-2016
Gintarėlis,darželio,-,20,0,2015-2016
Žvaigždutė,priešmokyklinė,-,25,0,2015-2016
Bitutė,darželio,-,20,0,2015-2016
Židinėlis,darželio,-,20,0,2015-2016
Ąžuoliukai,darželio,-,20,0,2015-2016
Šaltinėlis,darželio,-,23,0,2015-2016
Linelis,darželio,-,23,0,2015-2016
Varpelis,priešmokyklinė,-,24,0,2015-2016
Pelėdžiukai,darželio,-,20,0,2015-2016
Riešutėliai,darželio,-,20,0,2015-2016
Iš viso: Kauno menų darželis „Etiudas“,11,235,0,-,
Kauno lopšelis-darželis „Girstutis“,,,,,
Varpelis,lopšelio,-,15,0,2015-2016
Vyturėlis,lopšelio,-,15,0,2015-2016
Rūtelė,darželio,-,19,0,2015-2016
Dobilėlis,priešmokyklinė,-,19,0,2015-2016
Ramunėlė,darželio,-,19,0,2015-2016
Linelis,darželio,-,19,0,2015-2016
Rugelis,darželio,-,20,0,2015-2016
Tulpytė,priešmokyklinė,-,19,0,2015-2016
Saulutė,darželio,-,20,0,2015-2016
Ąžuolėlis,darželio,-,19,0,2015-2016
Iš viso: Kauno lopšelis-darželis „Girstutis“,10,184,0,-,
Kauno Žaliakalnio lopšelis-darželis (Seinų g 7),,,,,
Boružiuklų gr.,darželio,-,19,0,2015-2016
Pelėdžiukųgr.,darželio,-,19,0,2015-2016
Iš viso: Kauno Žaliakalnio lopšelis-darželis (Seinų g 7),2,38,0,-,
Kauno lopšelis-darželis „Ąžuoliukas“,,,,,
Kiškučiai,priešmokyklinė,-,23,0,2015-2016
Giliukai,priešmokyklinė,-,22,0,2015-2016
Ežiukai,darželio,-,23,0,2015-2016
Boružėlės,darželio,-,22,0,2015-2016
Nykštukai,darželio,-,23,0,2015-2016
Skruzdėliukai,lopšelio,-,17,0,2015-2016
Iš viso: Kauno lopšelis-darželis „Ąžuoliukas“,6,130,0,-,
Kauno lopšelis-darželis „Smalsutis“,,,,,
Pabiručių,lopšelio,-,16,0,2015-2016
Šnekučiai,darželio,-,22,0,2015-2016
Pelėdžiukų,darželio,-,21,0,2015-2016
Padaužiukai,darželio,-,21,0,2015-2016
Kodėlčiukai,darželio,-,20,0,2015-2016
Gudručiai,priešmokyklinė,-,22,0,2015-2016
Iš viso: Kauno lopšelis-darželis „Smalsutis“,6,122,0,-,
Kauno lopšelis-darželis „Rokutis“,,,,,
Ančiukai,lopšelio,-,15,0,2015-2016
Boružėlės,darželio,-,25,0,2015-2016
Nykštukai,darželio,-,25,0,2015-2016
Bitutės,darželio,-,25,0,2015-2016
Drugeliai,darželio,-,25,0,2015-2016
Pelėdžiukai,priešmokyklinė,-,25,0,2015-2016
Iš viso: Kauno lopšelis-darželis „Rokutis“,6,140,0,-,
Kauno Valdorfo darželis „Šaltinėlis“,,,,,
I,lopšelio,-,15,0,2015-2016
II,darželio,-,22,0,2015-2016
III,darželio,-,22,0,2015-2016
IV,darželio,-,21,0,2015-2016
V,lopšelio,-,10,0,2015-2016
Iš viso: Kauno Valdorfo darželis „Šaltinėlis“,5,90,0,-,
Kauno Panemunės lopšelis-darželis,,,,,
Dobiliukai,priešmokyklinė,-,22,0,2015-2016
Ramunės,priešmokyklinė,-,21,0,2015-2016
Aguonos,darželio,-,22,0,2015-2016
Rugiagėlės,priešmokyklinė,-,21,0,2015-2016
Pakalnutės,darželio,-,24,0,2015-2016
Žibuoklės,darželio,-,22,0,2015-2016
Pienės,darželio,-,21,0,2015-2016
Saulėgrąžos,darželio,-,25,0,2015-2016
Saulutės,lopšelio,-,18,0,2015-2016
Šalpusniai,lopšelio,-,17,0,2015-2016
Rūtos,lopšelio,-,16,0,2015-2016
Varpeliai,darželio,-,20,0,2015-2016
Iš viso: Kauno Panemunės lopšelis-darželis,12,249,0,-,
Kauno Suzukio pradinė mokykla,,,,,
0A,priešmokyklinė,-,20,0,2015-2016
0B,priešmokyklinė,-,20,0,2015-2016
0C,priešmokyklinė,-,20,0,2015-2016
Iš viso: Kauno Suzukio pradinė mokykla,3,60,0,-,
Kauno lopšelis-darželis „Vėrinėlis“,,,,,
BITUTĖS,priešmokyklinė,-,24,0,2015-2016
Ančiukai,lopšelio,-,17,0,2015-2016
VARLIUKŲ,darželio,-,23,0,2015-2016
MEŠKUČIŲ,darželio,-,23,0,2015-2016
PINGVINŲ,darželio,-,23,0,2015-2016
VĖŽLIUKŲ,darželio,-,23,0,2015-2016
KAČIUKAI,darželio,-,24,0,2015-2016
KIŠKIAI,darželio,-,23,0,2015-2016
PELĖDŽIUKAI,priešmokyklinė,-,25,0,2015-2016
PELIUKAI,darželio,-,23,0,2015-2016
DRUGELIŲ,darželio,-,23,0,2015-2016
BORUŽĖLIŲ,priešmokyklinė,-,24,0,2015-2016
Iš viso: Kauno lopšelis-darželis „Vėrinėlis“,12,275,0,-,
Kauno lopšelis-darželis „Šnekutis“,,,,,
Boružiukai,darželio,-,20,0,2015-2016
Gandriukų,priešmokyklinė,-,20,0,2015-2016
Ančiukų,darželio,-,20,0,2015-2016
Bitučių,darželio,-,20,0,2015-2016
Drugelių,darželio,-,20,0,2015-2016
Žvirbliukų,darželio,-,20,0,2015-2016
Pelėdžiukų,priešmokyklinė,-,20,0,2015-2016
Kiškučių,darželio,-,20,0,2015-2016
Meškučių,lopšelio,-,15,0,2015-2016
Žiogelių,darželio,-,20,0,2015-2016
Iš viso: Kauno lopšelis-darželis „Šnekutis“,10,195,0,-,
Kauno lopšelis-darželis „Liepaitė“,,,,,
Boružėlių,lopšelio,-,15,0,2015-2016
Nykštukų,darželio,-,20,0,2015-2016
Ežiukų,darželio,-,20,0,2015-2016
Pienių,darželio,-,20,0,2015-2016
Kiškučių,darželio,-,20,0,2015-2016
Pakalnučių,priešmokyklinė,-,20,0,2015-2016
Iš viso: Kauno lopšelis-darželis „Liepaitė“,6,115,0,-,
Kauno Aleksandro Puškino gimnazija (Ikimokyklinio ugdymo skyrius),,,,,
01 lopšelio grupė,lopšelio,-,10,0,2015-2016
02 lopselio grupė,lopšelio,-,15,0,2015-2016
03 darželio grupė,darželio,-,24,0,2015-2016
04 priešmokyklinio ugdymo grupė,priešmokyklinė,-,25,0,2015-2016
Iš viso: Kauno Aleksandro Puškino gimnazija (Ikimokyklinio ugdymo skyrius),4,74,0,-,
Kauno lopšelis-darželis „Šermukšnėlis“,,,,,
Meškučių,lopšelio,-,15,0,2015-2016
Zuikučių,lopšelio,-,15,0,2015-2016
Kačiukų,lopšelio,-,15,0,2015-2016
Varlyčių,priešmokyklinė,-,20,0,2015-2016
Žiburėlio,darželio,-,20,0,2015-2016
Girinukų,darželio,-,20,0,2015-2016
Giliukų,darželio,-,20,0,2015-2016
Pelėdžiukų,darželio,-,20,0,2015-2016
Nykštukų,darželio,-,20,0,2015-2016
Saulučių,darželio,-,20,0,2015-2016
Voveraičių,priešmokyklinė,-,20,0,2015-2016
Giliukų,darželio,-,20,0,2015-2016
Pelėdžiukų,darželio,-,20,0,2015-2016
Voveraičių,priešmokyklinė,-,20,0,2015-2016
Iš viso: Kauno lopšelis-darželis „Šermukšnėlis“,14,265,0,-,
Kauno lopšelis-darželis „Žiedelis“,,,,,
Šarkelės,lopšelio,-,15,0,2015-2016
Giliukai,priešmokyklinė,-,20,0,2015-2016
Pelėdžiukai,darželio,-,20,0,2015-2016
Boružėlės,darželio,-,20,0,2015-2016
Kiškučiai,darželio,-,20,0,2015-2016
Ežiukai,darželio,-,20,0,2015-2016
Iš viso: Kauno lopšelis-darželis „Žiedelis“,6,115,0,-,
Kauno lopšelis-darželis „Pagrandukas“,,,,,
Žvirbliukas,lopšelio,-,10,0,2015-2016
Aguonėlė,lopšelio,-,15,0,2015-2016
Kiškelis,lopšelio,-,15,0,2015-2016
Pelėdžiukas,darželio,-,20,0,2015-2016
Boružėlė,darželio,-,20,0,2015-2016
Nykštukas,darželio,-,20,0,2015-2016
Žiogelis,darželio,-,20,0,2015-2016
Katinėlis,darželio,-,20,0,2015-2016
Ežiukas,darželio,-,20,0,2015-2016
Varpelis,darželio,-,20,0,2015-2016
Žirniukas,priešmokyklinė,-,22,0,2015-2016
Saulutė,priešmokyklinė,-,23,0,2015-2016
Iš viso: Kauno lopšelis-darželis „Pagrandukas“,12,225,0,-,
Kauno Šančių mokykla-daugiafunkcis centras,,,,,
Ežiukai,darželio,-,21,0,2015-2016
Bitutės,darželio,-,21,0,2015-2016
Iš viso: Kauno Šančių mokykla-daugiafunkcis centras,2,42,0,-,
Kauno lopšelis - darželis „Šarkelė“,,,,,
Pingvinuko,priešmokyklinė,-,23,0,2015-2016
Zylutės,priešmokyklinė,-,23,0,2015-2016
Žvirbliukų,priešmokyklinė,-,23,0,2015-2016
Vyturiukų,darželio,-,24,0,2015-2016
Gandriukų,darželio,-,24,0,2015-2016
Dagiliukų,darželio,-,23,0,2015-2016
Pelėdžiukų,darželio,-,22,0,2015-2016
Kregždutės,darželio,-,23,0,2015-2016
Geniukų,darželio,-,24,0,2015-2016
"spec. ""Ančiukų""",priešmokyklinė,-,12,0,2015-2016
"spec. ""Volungėlės""",darželio,-,12,0,2015-2016
"spec. ""Gervelės""",darželio,-,12,0,2015-2016
Iš viso: Kauno lopšelis - darželis „Šarkelė“,12,245,0,-,
Kauno Aleksandro Stulginskio mokykla-daugiafunkcis centras,,,,,
Ežiukas,lopšelio,-,15,0,2015-2016
Stirniukas,lopšelio,-,15,0,2015-2016
Voverytė,lopšelio,-,15,0,2015-2016
Kiškutis,lopšelio,-,15,0,2015-2016
Voriukas,darželio,-,20,0,2015-2016
Drugelis,darželio,-,20,0,2015-2016
Boružėlė,darželio,-,20,0,2015-2016
Bitutė,darželio,-,20,0,2015-2016
Skruzdėliukas,darželio,-,20,0,2015-2016
Gandriukas,priešmokyklinė,-,20,0,2015-2016
Kregždutė,darželio,-,20,0,2015-2016
Zylutė,darželio,-,20,0,2015-2016
Žiogelis,darželio,-,20,0,2015-2016
Pelėdžiukas,darželio,-,20,0,2015-2016
Iš viso: Kauno Aleksandro Stulginskio mokykla-daugiafunkcis centras,14,260,0,-,
Kauno lopšelis-darželis „Rasytė“,,,,,
"1 ""Lapiukai""",darželio,-,25,0,2015-2016
"2 ""Ančiukai""",lopšelio,-,15,0,2015-2016
"3 ""Boružiukai""",lopšelio,-,15,0,2015-2016
"4 ""Pelėdžiukai""",lopšelio,-,15,0,2015-2016
"5 ""Voveriukai""",priešmokyklinė,-,25,0,2015-2016
"7 ""Žiogeliai""",darželio,-,25,0,2015-2016
"8 ""Meškiukai",darželio,-,25,0,2015-2016
"9 ""Karlsono mažyliai""",priešmokyklinė,-,25,0,2015-2016
"10 ""Kiškučiai""",darželio,-,25,0,2015-2016
"11 ""Nykštukai""",darželio,-,25,0,2015-2016
"12 ""Peliukai""",darželio,-,25,0,2015-2016
Iš viso: Kauno lopšelis-darželis „Rasytė“,11,245,0,-,
Kauno vaikų darželis „Rudnosiukas“,,,,,
„Ančiukų“,priešmokyklinė,-,18,0,2015-2016
Voveriukų,darželio,-,18,0,2015-2016
„Stirniukų“,darželio,-,18,0,2015-2016
„Kiškučių“,darželio,-,18,0,2015-2016
Iš viso: Kauno vaikų darželis „Rudnosiukas“,4,72,0,-,
Kauno lopšelis-darželis „Spragtukas“,,,,,
Ežiukai,lopšelio,-,15,0,2015-2016
Drakoniukai,darželio,-,20,0,2015-2016
Ančiukai,darželio,-,20,0,2015-2016
Boružėlių,darželio,-,20,0,2015-2016
Nykštukai,priešmokyklinė,-,20,0,2015-2016
Pelėdžiukai,priešmokyklinė,-,20,0,2015-2016
Iš viso: Kauno lopšelis-darželis „Spragtukas“,6,115,0,-,
Kauno Martyno Mažvydo progimnazija,,,,,
Priešmokyklinio ugdymo grupė,priešmokyklinė,-,0,0,2015-2016
Iš viso: Kauno Martyno Mažvydo progimnazija,1,0,0,-,
Kauno Montesori mokykla-darželis „Žiburėlis“,,,,,
Liūtuko,lopšelio,-,16,0,2015-2016
Meškučio,lopšelio,-,16,0,2015-2016
Žvaigždutės,darželio,-,25,0,2015-2016
Varliuko,darželio,-,25,0,2015-2016
Boružiuko,darželio,-,23,0,2015-2016
Žiniuko,darželio,-,22,0,2015-2016
Drugelio,priešmokyklinė,-,24,0,2015-2016
Pelėdžiuko,priešmokyklinė,-,24,0,2015-2016
Iš viso: Kauno Montesori mokykla-darželis „Žiburėlis“,8,175,0,-,
Kauno lopšelis-darželis „Vaikystė“,,,,,
Bitutės,darželio,-,23,0,2015-2016
Žirniukai,darželio,-,23,0,2015-2016
Varliukai,priešmokyklinė,-,21,0,2015-2016
Nykštukai,darželio,-,23,0,2015-2016
Skruzdėliukai,darželio,-,21,0,2015-2016
Ančiukai,darželio,-,26,0,2015-2016
Boruželes,darželio,-,25,0,2015-2016
Meškučiai,priešmokyklinė,-,24,0,2015-2016
Raidelės,darželio,-,25,0,2015-2016
Saulutės,darželio,-,23,0,2015-2016
Iš viso: Kauno lopšelis-darželis „Vaikystė“,10,234,0,-,
Kauno lopšelis-darželis „Kregždutė“,,,,,
Meškučių,lopšelio,-,16,0,2015-2016
Gėlyčių,lopšelio,-,16,0,2015-2016
Pelėdžiukų,darželio,-,20,0,2015-2016
Nykštukų,darželio,-,20,0,2015-2016
Saulutės,darželio,-,20,0,2015-2016
Kiškučių,darželio,-,20,0,2015-2016
Viščiukų,priešmokyklinė,-,20,0,2015-2016
Iš viso: Kauno lopšelis-darželis „Kregždutė“,7,132,0,-,
Kauno lopšelis-darželis „Vilnelė“,,,,,
Lašiukai,lopšelio,-,16,0,2015-2016
Gintarėliai,lopšelio,-,15,0,2015-2016
Delfinai,darželio,-,21,0,2015-2016
Žuvytės,darželio,-,20,0,2015-2016
Perliukai,darželio,-,20,0,2015-2016
Šaltinėlio,darželio,-,26,0,2015-2016
Iš viso: Kauno lopšelis-darželis „Vilnelė“,6,118,0,-,
Kauno lopšelis-darželis „Nežiniukas“,,,,,
Ežiukai,darželio,-,9,0,2015-2016
Saulutės,darželio,-,10,0,2015-2016
Voveriukai,darželio,-,9,0,2015-2016
Viščiukai,lopšelio,-,16,0,2015-2016
Zuikučiai,darželio,-,22,0,2015-2016
Boružėlės,priešmokyklinė,-,22,0,2015-2016
Gandriukai,darželio,-,22,0,2015-2016
Pelėdžiukai,darželio,-,22,0,2015-2016
Iš viso: Kauno lopšelis-darželis „Nežiniukas“,8,132,0,-,
Kauno lopšelis-darželis „Radastėlė“,,,,,
Pabiručiai,lopšelio,-,15,0,2015-2016
Varpelio,darželio,-,20,0,2015-2016
Smalsučių,darželio,-,20,0,2015-2016
ABC,priešmokyklinė,-,20,0,2015-2016
Iš viso: Kauno lopšelis-darželis „Radastėlė“,4,75,0,-,
Kauno lopšelis-darželis „Klevelis“ (Griunvaldo 26a),,,,,
Pelėdžiukų,priešmokyklinė,-,22,0,2015-2016
Zuikučių,darželio,-,22,0,2015-2016
Voveriukų,darželio,-,23,0,2015-2016
Nykštukų,priešmokyklinė,-,23,0,2015-2016
Meškučių,darželio,-,23,0,2015-2016
Bitučių,lopšelio,-,21,0,2015-2016
Iš viso: Kauno lopšelis-darželis „Klevelis“ (Griunvaldo 26a),6,134,0,-,
Kauno lopšelis-darželis „Pušaitė“,,,,,
Nykštukų,lopšelio,-,15,0,2015-2016
Boružėlių,darželio,-,20,0,2015-2016
Saulučių,darželio,-,20,0,2015-2016
Drugelių,darželio,-,20,0,2015-2016
Paukštelių,lopšelio,-,15,0,2015-2016
Zuikių,priešmokyklinė,-,20,0,2015-2016
Iš viso: Kauno lopšelis-darželis „Pušaitė“,6,110,0,-,
Kauno lopšelis-darželis „Tukas“,,,,,
"07 ""Viščiukai""",lopšelio,-,15,0,2015-2016
"03 ""Lapiukai""",darželio,-,15,0,2015-2016
"11 ""Voveriukai""",lopšelio,-,15,0,2015-2016
"06 ""Liūtukai""",darželio,-,20,0,2015-2016
"01 ""Drambliukai""",darželio,-,20,0,2015-2016
"10 ""Drugeliai""",darželio,-,20,0,2015-2016
"05 ""Tigriukai""",darželio,-,20,0,2015-2016
"02 ""Meškiukai""",darželio,-,20,0,2015-2016
"04 ""Kiškiai""",darželio,-,20,0,2015-2016
"08 ""Žiogeliai""",priešmokyklinė,-,20,0,2015-2016
"09 ""Boružiukai""",priešmokyklinė,-,20,0,2015-2016
Iš viso: Kauno lopšelis-darželis „Tukas“,11,205,0,-,
Kauno mokykla-darželis „Šviesa“,,,,,
Drąsučiai,darželio,-,22,0,2015-2016
Moksliukai,darželio,-,24,0,2015-2016
Dainorėliai,darželio,-,23,0,2015-2016
Šviesuliukai,priešmokyklinė,-,20,0,2015-2016
Širdukai,priešmokyklinė,-,23,0,2015-2016
Iš viso: Kauno mokykla-darželis „Šviesa“,5,112,0,-,
Kauno lopšelis-darželis „Klevelis“ (Griunvaldo g. 26),,,,,
I-a grupė,darželio,-,20,0,2015-2016
II-a grupė,darželio,-,20,0,2015-2016
Iš viso: Kauno lopšelis-darželis „Klevelis“ (Griunvaldo g. 26),2,40,0,-,
Kauno Veršvų gimnazija,,,,,
Kauno Veršvų vidurinė mokykla,priešmokyklinė,-,20,0,2015-2016
Iš viso: Kauno Veršvų gimnazija,1,20,0,-,
Kauno lopšelis-darželis „Žuvintas“,,,,,
",,Žiogeliai""",lopšelio,-,15,0,2015-2016
",,Boružėlės""",lopšelio,-,15,0,2015-2016
",,Žuvytės""",darželio,-,25,0,2015-2016
",,Varliukai""",darželio,-,25,0,2015-2016
",,Drugeliai""",darželio,-,25,0,2015-2016
",,Bitutės""",priešmokyklinė,-,25,0,2015-2016
Iš viso: Kauno lopšelis-darželis „Žuvintas“,6,130,0,-,
Kauno Žaliakalnio lopšelis-darželis,,,,,
Žvaigždelės,darželio,-,20,0,2015-2016
Mažieji talentai,darželio,-,20,0,2015-2016
Vaivorykštė,priešmokyklinė,-,20,0,2015-2016
Žiedeliai,lopšelio,-,15,0,2015-2016
Žiburėliai,darželio,-,20,0,2015-2016
Spindulėliai,priešmokyklinė,-,20,0,2015-2016
Iš viso: Kauno Žaliakalnio lopšelis-darželis,6,115,0,-,
VšĮ Kauno vaikų darželis „Rytmetys“,,,,,
"VšĮ Kauno vaikų darželis ""Rytmetys""",darželio,-,20,0,2015-2016
Iš viso: VšĮ Kauno vaikų darželis „Rytmetys“,1,20,0,-,
Kauno lopšelis-darželis „Lakštutė“,,,,,
Boružėlės,darželio,-,20,0,2015-2016
Zuikučiai,lopšelio,-,15,0,2015-2016
Šnekučiai,lopšelio,-,15,0,2015-2016
Kodėlčiukai,darželio,-,20,0,2015-2016
Kulverstukai,darželio,-,20,0,2015-2016
Geniukai,darželio,-,20,0,2015-2016
Pelėdžiukai,darželio,-,20,0,2015-2016
Smaližiai,priešmokyklinė,-,20,0,2015-2016
Iš viso: Kauno lopšelis-darželis „Lakštutė“,8,150,0,-,
Kauno Prano Daunio ugdymo centras,,,,,
I-a grupė,darželio,-,9,0,2015-2016
II-a grupė,darželio,-,8,0,2015-2016
III-ia grupė,darželio,-,8,0,2015-2016
IV-a grupė,darželio,-,8,0,2015-2016
Iš viso: Kauno Prano Daunio ugdymo centras,4,33,0,-,
"Kauno ""Nemuno"" mokykla",,,,,
Drugėliukai,lopšelio,-,15,0,2015-2016
Skruzdėliukai,darželio,-,20,0,2015-2016
Kodėlčiukai,darželio,-,20,0,2015-2016
Boružiukai,darželio,-,20,0,2015-2016
Pelėdžiukai,darželio,-,20,0,2015-2016
"Iš viso: Kauno ""Nemuno"" mokykla",5,95,0,-,
Kauno lopšelis-darželis „Sadutė“,,,,,
Dobilėliai,lopšelio,-,17,0,2015-2016
Rakteliai,lopšelio,-,17,0,2015-2016
Saulutės,lopšelio,-,17,0,2015-2016
Varpeliai,darželio,-,20,0,2015-2016
Pienės,darželio,-,20,0,2015-2016
Aguonėlės,darželio,-,23,0,2015-2016
Rūtos,darželio,-,20,0,2015-2016
Rugiagėlės,darželio,-,20,0,2015-2016
Žibuoklės,darželio,-,20,0,2015-2016
Saulėgrąžos,priešmokyklinė,-,20,0,2015-2016
Lineliai,priešmokyklinė,-,20,0,2015-2016
Ramunėlės,priešmokyklinė,-,20,0,2015-2016
Iš viso: Kauno lopšelis-darželis „Sadutė“,12,234,0,-,
Kauno Tirkiliškių mokykla-darželis,,,,,
Boružėlės,darželio,-,24,0,2015-2016
Bitutės,darželio,-,24,0,2015-2016
Iš viso: Kauno Tirkiliškių mokykla-darželis,2,48,0,-,
Kauno Prano Mašioto pradinė mokykla,,,,,
Kauno Prano Mašioto pradinė mokykla,priešmokyklinė,-,30,0,2015-2016
Kauno Prano Mašioto pradinė mokykla,priešmokyklinė,-,30,0,2015-2016
Iš viso: Kauno Prano Mašioto pradinė mokykla,2,60,0,-,
Kauno Aleksandro Puškino gimnazija,,,,,
priesmok,priešmokyklinė,-,20,0,2015-2016
3-ikimok,darželio,-,20,0,2015-2016
4-ikimok,darželio,-,20,0,2015-2016
5-ikimok,darželio,-,20,0,2015-2016
Iš viso: Kauno Aleksandro Puškino gimnazija,4,80,0,-,
"Kauno ,,Ryto"" pradinė mokykla",,,,,
Priešmokyklinio ugdymo grupė,priešmokyklinė,-,0,0,2015-2016
"Iš viso: Kauno ,,Ryto"" pradinė mokykla",1,0,0,-,
Kauno Tado Ivanausko progimnazija,,,,,
Pelėdžiukai,priešmokyklinė,-,31,0,2015-2016
Iš viso: Kauno Tado Ivanausko progimnazija,1,31,0,-,
Kauno Stasio Lozoraičio pagrindinė mokykla,,,,,
Priešmokyklinė grupė,priešmokyklinė,-,20,0,2015-2016
Iš viso: Kauno Stasio Lozoraičio pagrindinė mokykla,1,20,0,-,
Kauno Jurgio Dobkevičiaus progimnazija,,,,,
Priešmokyklinė,priešmokyklinė,-,20,0,2015-2016
Iš viso: Kauno Jurgio Dobkevičiaus progimnazija,1,20,0,-,
Kauno „Vyturio“ gimnazija,,,,,
Vyturiukai,priešmokyklinė,-,15,0,2015-2016
Iš viso: Kauno „Vyturio“ gimnazija,1,15,0,-,
Kauno Milikonių progimnazija,,,,,
2015-2016 PUG,priešmokyklinė,-,24,0,2015-2016
Iš viso: Kauno Milikonių progimnazija,1,24,0,-,
Kauno Viktoro Kuprevičiaus pagrindinė mokykla,,,,,
priešmokyklinė,priešmokyklinė,-,20,0,2015-2016
Iš viso: Kauno Viktoro Kuprevičiaus pagrindinė mokykla,1,20,0,-,